time,X1,Y1,G1,G2,G3,G4,G5,G6,G7,G8,G9,GA,Checksum
1581204325,3,28,0xc,0xc,0xc,0xc,0xc,0xc,0xc,0xc,0xc,0xc,0x2f
1581204330,7,32,0xc,0xc,0xc,0xc,0xc,0xc,0xc,0xc,0xc,0xc,0x6f
1581204335,11,56,0xc,0xc,0xc,0xc,0x9,0x4,0x2,0x2,0xa,0xa,0xac
1581204340,15,60,0x5,0x3,0x2,0x2,0xa,0xa,0xa,0xa,0xa,0xb,0xec
1581204345,20,0,0x9,0x9,0xa,0xa,0xa,0xa,0xb,0xb,0xb,0xb,0xe5
1581204349,24,4,0xa,0xa,0xa,0xa,0xb,0xb,0xb,0xb,0xb,0xc,0xdb
1581204354,28,8,0xa,0xa,0xb,0xb,0xb,0xb,0xb,0xb,0xb,0xc,0xa4
1581204359,32,32,0xc,0xc,0xc,0xc,0xc,0xc,0xc,0xc,0xc,0xc,0xce
1581204364,36,36,0xc,0xc,0xc,0xc,0xc,0xc,0xc,0xc,0xc,0xc,0xf
1581204369,40,60,0x1,0x1,0x1,0x1,0x9,0x9,0x9,0x9,0x9,0x9,0x22
1581204373,45,0,0xb,0xc,0xc,0xb,0xa,0xa,0xb,0xa,0xa,0xa,0x8b
1581204378,49,24,0xc,0xc,0xc,0xc,0xc,0xc,0xc,0xc,0xc,0xc,0xad
1581204383,53,18,0xc,0xc,0xc,0xc,0xc,0xc,0xc,0xc,0xc,0xc,0xd9
1581204388,57,32,0xc,0xc,0xc,0xc,0xc,0xc,0xc,0xc,0xc,0xc,0x2e
1581204392,61,46,0xc,0xb,0x5,0x3,0x2,0x2,0x1,0x1,0x1,0x1,0xbe
1581204397,65,50,0x1,0x1,0x1,0x1,0x1,0x1,0x1,0x1,0x1,0x0,0xfb
1581204402,70,10,0xc,0xb,0xb,0xc,0xc,0xc,0xc,0xc,0xc,0xc,0x69
1581204407,74,14,0xc,0xc,0xc,0xc,0xc,0xc,0xc,0xc,0xc,0xc,0xf8
1581204412,78,28,0xc,0xc,0xc,0xc,0xc,0xc,0xc,0xc,0xc,0xc,0x4d
1581204416,82,32,0xc,0xc,0xc,0xc,0xc,0xc,0xc,0x8,0x5,0x4,0x2b
1581204421,86,56,0x3,0x3,0x3,0x3,0x3,0x3,0x3,0x3,0x5,0x5,0xd3
1581204426,90,60,0x1,0x1,0x1,0x1,0x1,0x1,0x1,0x1,0x1,0x1,0x7a
1581204431,95,0,0x0,0x0,0x0,0x0,0x0,0x0,0x0,0x0,0x0,0x0,0x37
1581204436,2,12,0x0,0x0,0x0,0x0,0x0,0x0,0x0,0x0,0x0,0x0,0x34
1581204440,6,16,0x0,0x0,0x0,0x0,0x0,0x0,0x0,0x0,0x0,0x0,0x74
1581204445,10,30,0x0,0x0,0x0,0x0,0x0,0x0,0x0,0x0,0x0,0x0,0xc8
1581204450,14,34,0x0,0x0,0x0,0x0,0x0,0x0,0x0,0x0,0x0,0x0,0x9
1581204455,18,38,0x0,0x0,0x0,0x0,0x0,0x0,0x0,0x0,0x0,0x0,0x49
1581204460,22,62,0x0,0x0,0x0,0x0,0x0,0x0,0x0,0x0,0x0,0x0,0xb1
1581204464,27,12,0x0,0x0,0x0,0x0,0x0,0x0,0x0,0x0,0x0,0x0,0x93
1581204469,31,36,0x0,0x0,0x0,0x0,0x0,0x0,0x0,0x0,0x0,0x0,0xfb
1581204474,35,30,0x0,0x0,0x0,0x0,0x0,0x0,0x0,0x0,0x0,0x0,0x28
1581204479,39,34,0x0,0x0,0x0,0x0,0x0,0x0,0x0,0x0,0x0,0x0,0x68
1581204484,43,58,0x0,0x0,0x0,0x0,0x0,0x0,0x0,0x0,0x0,0x0,0xd0
1581204488,47,62,0x0,0x0,0x0,0x0,0x0,0x0,0x0,0x0,0x0,0x0,0x11
1581204493,52,22,0x0,0x0,0x0,0x0,0x0,0x0,0x0,0x0,0x0,0x0,0x7
1581204498,56,26,0x0,0x0,0x0,0x0,0x0,0x0,0x0,0x0,0x0,0x0,0x47
1581204503,60,30,0x0,0x0,0x0,0x0,0x0,0x0,0x0,0x0,0x0,0x0,0x87
1581204508,64,44,0x0,0x0,0x0,0x0,0x0,0x0,0x0,0x0,0x0,0x0,0xdb
1581204512,68,48,0x0,0x0,0x0,0x0,0x0,0x0,0x0,0x0,0x0,0x0,0x1c
1581204517,73,8,0x0,0x0,0x0,0x0,0x0,0x0,0x0,0x0,0x0,0x0,0x12
1581204522,77,12,0x4,0x4,0x4,0x4,0x4,0x4,0x5,0x5,0x5,0x5,0x74
1581204527,81,36,0xc,0xc,0xc,0xc,0xc,0xc,0xc,0xc,0xc,0xc,0x87
1581204532,85,40,0xd,0xd,0xd,0xd,0xd,0xd,0xd,0xd,0xd,0xd,0xd8
1581204536,89,34,0xa,0xa,0xa,0xa,0xa,0xa,0xa,0xa,0xa,0xa,0xd1
1581204541,93,58,0x0,0x0,0x0,0x0,0x0,0x0,0x0,0x0,0x0,0x0,0x8f
1581204546,1,6,0xb,0xb,0xb,0xb,0xb,0xb,0xb,0xb,0xb,0xb,0xd5
1581204551,5,30,0xb,0xb,0xb,0xb,0xb,0xb,0xb,0xb,0xb,0xb,0x3e
1581204555,9,24,0xb,0xb,0xb,0xb,0xb,0xb,0xb,0xb,0xb,0xb,0x6a
1581204560,13,48,0x6,0x5,0x5,0x5,0x5,0x5,0x5,0x5,0x5,0x5,0x95
1581204565,17,52,0x5,0x5,0x5,0x5,0x5,0x5,0x5,0x5,0x5,0x5,0xac
1581204570,21,56,0x5,0x5,0x5,0x5,0x5,0x5,0x5,0x5,0xb,0xb,0x53
1581204575,26,16,0x7,0x7,0x7,0x7,0x7,0x7,0x6,0x6,0x6,0x6,0x27
1581204579,30,20,0x6,0x6,0x6,0x6,0x6,0x6,0x6,0x6,0x6,0x6,0x34
1581204584,34,44,0x5,0x5,0x5,0x5,0x5,0x5,0x5,0x5,0x5,0x5,0x8b
1581204589,38,38,0x5,0x5,0x5,0x5,0x5,0x5,0x5,0x5,0x5,0x5,0xb7
1581204594,42,62,0x5,0x5,0x4,0x4,0x4,0x4,0x4,0x4,0x4,0x4,0xca
1581204599,47,2,0x3,0x3,0x3,0x3,0x3,0x3,0x3,0x3,0x3,0x3,0xcb
1581204603,51,6,0x3,0x3,0x3,0x3,0x3,0x3,0x3,0x3,0x3,0x3,0xc
1581204608,55,30,0x3,0x3,0x3,0x3,0x3,0x3,0x3,0x3,0x3,0x3,0x74
1581204613,59,34,0x2,0x2,0x2,0x2,0x2,0x2,0x2,0x2,0x2,0x3,0xae
1581204618,63,58,0x2,0x2,0x3,0x3,0x3,0x3,0x2,0x2,0x2,0x2,0x83
1581204623,67,52,0x2,0x2,0x2,0x2,0x2,0x2,0x2,0x2,0x2,0x2,0x38
1581204627,72,12,0x2,0x2,0x2,0x2,0x2,0x2,0x2,0x2,0x2,0x2,0x2e
1581204632,76,16,0x2,0x2,0x2,0x2,0x2,0x2,0x2,0x2,0x2,0x2,0x6e
1581204637,80,20,0x5,0x5,0x5,0x5,0x5,0x5,0x5,0x5,0x5,0x5,0xe1
1581204642,84,44,0x6,0x6,0x6,0x7,0x7,0x7,0x7,0x7,0x7,0x7,0xf3
1581204647,88,48,0x7,0x7,0x7,0x7,0x7,0x7,0x7,0x7,0x7,0x7,0xac
1581204651,93,8,0x4,0x4,0x4,0x4,0x4,0x4,0x4,0x4,0x4,0x4,0x6f
1581204656,95,60,0x4,0x4,0x4,0x4,0x0,0x0,0x0,0x0,0x0,0x0,0xc0
1581204661,4,14,0x0,0x0,0x0,0x0,0x0,0x0,0x0,0x0,0x0,0x0,0x54
1581204666,8,28,0x0,0x0,0x0,0x0,0x0,0x0,0x0,0x0,0x0,0x0,0xa8
1581204671,12,32,0x0,0x0,0x0,0x0,0x0,0x0,0x0,0x0,0x0,0x0,0xe8
1581204675,16,56,0x0,0x0,0x0,0x0,0x0,0x0,0x0,0x0,0x0,0x0,0x51
1581204680,20,60,0x0,0x0,0x0,0x0,0x0,0x0,0x0,0x0,0x0,0x0,0x91
1581204685,25,10,0x0,0x0,0x0,0x0,0x0,0x0,0x0,0x0,0x0,0x0,0x73
1581204690,29,14,0x0,0x0,0x0,0x0,0x0,0x0,0x0,0x0,0x0,0x0,0xb3
1581204694,33,18,0x0,0x0,0x0,0x0,0x0,0x0,0x0,0x0,0x0,0x0,0xf3
1581204699,37,42,0x0,0x0,0x0,0x0,0x0,0x0,0x0,0x0,0x0,0x0,0x5c
1581204704,41,46,0x0,0x0,0x0,0x0,0x0,0x0,0x0,0x0,0x0,0x0,0x9c
1581204709,46,6,0x0,0x0,0x0,0x0,0x0,0x0,0x0,0x0,0x0,0x0,0x92
1581204714,50,10,0x0,0x0,0x0,0x0,0x0,0x0,0x0,0x0,0x0,0x0,0xd2
1581204718,54,4,0x0,0x0,0x0,0x0,0x0,0x0,0x0,0x0,0x0,0x0,0xfe
1581204723,58,28,0x0,0x0,0x0,0x0,0x0,0x0,0x0,0x0,0x0,0x0,0x67
1581204728,62,32,0x0,0x0,0x0,0x0,0x0,0x0,0x0,0x0,0x0,0x0,0xa7
1581204733,66,56,0x0,0x0,0x0,0x0,0x0,0x0,0x0,0x0,0x0,0x0,0x10
1581204738,70,50,0x0,0x0,0x0,0x0,0x0,0x0,0x0,0x0,0x0,0x0,0x3c
1581204742,74,54,0x0,0x0,0x0,0x0,0x0,0x0,0x0,0x0,0x0,0x0,0x7c
1581204747,79,14,0x0,0x0,0x0,0x0,0x0,0x0,0x0,0x0,0x0,0x0,0x72
1581204752,83,18,0x0,0x1,0x1,0x1,0x1,0x1,0x1,0x1,0x1,0x1,0x9a
1581204757,87,42,0x1,0x1,0x1,0x1,0x1,0x1,0x1,0x1,0x1,0x1,0x2c
1581204762,91,46,0x0,0x0,0x0,0x0,0x0,0x0,0x0,0x0,0x0,0x0,0x5b
1581204766,95,60,0x0,0x0,0x0,0x0,0x0,0x0,0x0,0x0,0x0,0x0,0xaf
1581204771,2,62,0xa,0xa,0xc,0xc,0xc,0xc,0xc,0xc,0xc,0xc,0xed
1581204776,7,2,0xa,0x9,0x9,0x9,0x9,0x9,0x9,0x8,0x9,0x8,0xd0
1581204781,11,16,0x0,0x0,0x0,0x0,0x0,0x0,0x0,0x0,0x0,0x0,0xba
1581204786,15,10,0x0,0x0,0x0,0x0,0x0,0x0,0x0,0x0,0x0,0x0,0xe6
1581204790,19,34,0x0,0x0,0x0,0x0,0x0,0x0,0x0,0x0,0x0,0x0,0x4f
1581204795,23,38,0x0,0x0,0x0,0x0,0x0,0x0,0x0,0x0,0x0,0x0,0x8f
1581204800,27,42,0x0,0x0,0x0,0x0,0x0,0x0,0x0,0x0,0x0,0x0,0xcf
1581204805,32,2,0x0,0x0,0x0,0x0,0x0,0x0,0x0,0x0,0x0,0x0,0xc5
1581204810,36,6,0x0,0x0,0x0,0x0,0x0,0x0,0x0,0x0,0x0,0x0,0x6
1581204814,40,20,0x0,0x0,0x0,0x0,0x0,0x0,0x0,0x0,0x0,0x0,0x5a
1581204819,44,24,0x0,0x0,0x0,0x0,0x0,0x0,0x0,0x0,0x0,0x0,0x9a
1581204824,48,28,0x0,0x0,0x0,0x0,0x0,0x0,0x0,0x0,0x0,0x0,0xda
1581204829,52,52,0x0,0x0,0x0,0x0,0x0,0x0,0x0,0x0,0x0,0x0,0x43
1581204833,56,56,0x0,0x0,0x0,0x0,0x0,0x0,0x0,0x0,0x0,0x0,0x83
1581204838,61,16,0x0,0x0,0x0,0x0,0x0,0x0,0x0,0x0,0x0,0x0,0x79
1581204843,65,10,0x0,0x0,0x0,0x0,0x0,0x0,0x0,0x0,0x0,0x0,0xa5
1581204848,69,14,0x0,0x0,0x0,0x0,0x0,0x0,0x0,0x0,0x0,0x0,0xe5
1581204853,73,38,0x0,0x0,0x0,0x0,0x0,0x0,0x0,0x0,0x0,0x0,0x4e
1581204857,77,42,0x0,0x0,0x0,0x0,0x0,0x0,0x0,0x0,0x0,0x0,0x8e
1581204862,82,2,0x2,0x2,0x2,0x2,0x2,0x1,0x1,0x1,0x1,0x1,0xab
1581204867,86,6,0x2,0x2,0x2,0x2,0x2,0x2,0x2,0x2,0x2,0x2,0xe6
1581204872,90,20,0x0,0x0,0x0,0x0,0x0,0x0,0x0,0x0,0x0,0x0,0x19
1581204877,94,24,0x0,0x0,0x0,0x0,0x0,0x0,0x0,0x0,0x0,0x0,0x59
1581204881,1,36,0x3,0x3,0x3,0x3,0x3,0x3,0x3,0x3,0x3,0x2,0x7e
1581204886,5,60,0x2,0x2,0x2,0x2,0xe,0xe,0xe,0xe,0xe,0xe,0x7a
1581204891,9,54,0x3,0x3,0x2,0x2,0x2,0x2,0x2,0x2,0x2,0x2,0xc8
1581204896,14,14,0xe,0xe,0xe,0xe,0xe,0xe,0xd,0xd,0xc,0xc,0x36
1581204901,18,18,0xe,0xd,0xd,0xd,0xc,0xd,0xc,0xb,0xb,0xa,0x64
1581204905,22,22,0xc,0xd,0xd,0xc,0xb,0xa,0xa,0xa,0x9,0x9,0xf9
1581204910,26,46,0x4,0x3,0x3,0x3,0x3,0x3,0x2,0x2,0x2,0x2,0x48
1581204915,30,40,0x5,0x5,0x4,0x4,0x4,0x4,0x3,0x3,0x3,0x3,0x18
1581204920,35,0,0x2,0x3,0x5,0xc,0xe,0xe,0xe,0xe,0xe,0xe,0x66
1581204925,39,4,0xc,0xe,0xe,0xe,0xe,0xe,0xe,0xe,0xe,0xe,0xc8
1581204929,43,28,0xa,0x9,0x9,0x8,0x8,0x8,0x7,0x6,0x6,0x5,0xcc
1581204934,47,32,0x7,0x7,0x7,0x7,0x6,0x5,0x5,0x4,0x4,0x4,0x7b
1581204939,51,36,0x6,0x6,0x5,0x5,0x4,0x4,0x3,0x3,0x3,0x3,0x7b
1581204944,55,60,0x1,0x1,0x1,0x1,0x1,0x1,0x1,0x1,0x1,0x1,0x8e
1581204949,59,54,0x1,0x1,0x1,0x1,0x1,0x1,0x1,0x1,0x1,0x1,0xba
1581204953,64,14,0xe,0xe,0xe,0xe,0xe,0xe,0xd,0xd,0xc,0xc,0xf4
1581204958,68,18,0xe,0xe,0xe,0xd,0xc,0xc,0xb,0xa,0xa,0x9,0x77
1581204963,72,42,0x3,0x3,0x2,0x2,0x2,0x2,0x2,0x2,0x2,0x1,0x1b
1581204968,76,46,0x4,0x4,0x3,0x4,0x3,0x3,0x3,0x3,0x3,0x3,0x43
1581204972,80,60,0xa,0xa,0xa,0xa,0xa,0xa,0xa,0xb,0xb,0xb,0x90
1581204977,85,0,0xb,0xb,0xb,0xb,0xb,0xb,0xb,0xb,0xb,0xb,0x66
1581204982,89,4,0xa,0xa,0xa,0xa,0xa,0xa,0x9,0x9,0x9,0x9,0xb7
1581204987,93,28,0x3,0x3,0x3,0x3,0x3,0x3,0x3,0x3,0x4,0x4,0x42
1581210177,7,22,0x0,0x0,0x0,0x0,0x0,0x0,0x0,0x0,0x0,0x0,0x8e
1581288839,3,18,0x5,0x5,0x5,0x6,0x6,0x6,0x6,0x6,0x6,0x6,0x3c
1581288844,7,22,0x5,0x6,0x6,0x6,0x6,0x6,0x6,0x6,0x6,0x7,0xd6
1581288849,11,56,0xa,0xa,0xa,0xa,0xa,0xa,0xa,0xa,0x3,0x3,0x93
1581288854,15,60,0xa,0xa,0xa,0xa,0x3,0x3,0x4,0x4,0x4,0x4,0x3a
1581288858,20,10,0x4,0x4,0x5,0x5,0x5,0x5,0x5,0x5,0x5,0x5,0xc6
1581288863,24,14,0x5,0x5,0x5,0x5,0x6,0x6,0x6,0x6,0x6,0x7,0x9a
1581288868,28,18,0x6,0x6,0x6,0x6,0x6,0x6,0x7,0x7,0x7,0x7,0xf1
1581288873,32,42,0xa,0xa,0xa,0xa,0xa,0xa,0xa,0xa,0xa,0xa,0xc0
1581288878,36,46,0xa,0xa,0xa,0xa,0xa,0xa,0xa,0xa,0xa,0xa,0x1
1581288882,41,6,0x4,0x4,0x4,0x4,0x5,0x5,0x5,0x5,0x5,0x5,0x5d
1581288887,45,10,0x4,0x4,0x4,0x4,0x5,0x5,0x5,0x5,0x5,0x5,0x9d
1581288892,49,34,0x9,0xa,0xa,0xa,0xa,0xa,0xa,0xa,0xa,0xa,0x76
1581288897,53,38,0xa,0xa,0xa,0xa,0xa,0xa,0xa,0xa,0xa,0xa,0xdf
1581288902,57,52,0xa,0xa,0xa,0xa,0xa,0xa,0xa,0xa,0xa,0xa,0x34
1581288906,62,2,0x4,0x4,0x4,0x4,0x4,0x4,0x4,0x4,0x4,0x4,0xaf
1581288911,66,6,0x3,0x3,0x4,0x4,0x4,0x4,0x4,0x4,0x4,0x4,0x34
1581288916,70,30,0x6,0x6,0x6,0x6,0x6,0x7,0x7,0x7,0x7,0x7,0x75
1581288921,74,34,0x6,0x6,0x6,0x6,0x6,0x6,0x7,0x7,0x7,0x7,0x98
1581288926,78,58,0x9,0x9,0x9,0x9,0x9,0x9,0x4,0x4,0x4,0x4,0x1
1581288930,82,62,0x8,0x9,0x5,0x4,0x4,0x4,0x4,0x4,0x4,0x4,0x7f
1581288935,87,22,0x5,0x5,0x5,0x5,0x5,0x5,0x5,0x5,0x6,0x6,0x4
1581288940,91,26,0x5,0x5,0x5,0x5,0x5,0x5,0x5,0x5,0x5,0x5,0x88
1581288945,95,20,0x4,0x4,0x4,0x4,0x4,0x4,0x5,0x5,0x5,0x5,0x81
1581288949,2,32,0xe,0xe,0xe,0xe,0xe,0xe,0xe,0xe,0xe,0xe,0x4b
1581288954,6,36,0xe,0xe,0xe,0xe,0xe,0xe,0xe,0xe,0xe,0xe,0x8b
1581288959,10,60,0xe,0xe,0xe,0xe,0x1,0x1,0x1,0x2,0x3,0x6,0x73
1581288964,15,0,0x0,0x0,0x1,0x1,0x1,0x1,0x1,0x1,0x2,0x3,0xee
1581288969,19,14,0x3,0x5,0x8,0xb,0xd,0xe,0xe,0xe,0xe,0xe,0x88
1581288973,23,18,0x2,0x3,0x4,0x7,0x9,0xc,0xe,0xe,0xe,0xe,0xd6
1581288978,27,32,0xe,0xe,0xe,0xe,0xe,0xe,0xe,0xe,0xe,0xe,0xaa
1581288983,31,56,0xe,0xe,0xe,0xe,0xe,0xe,0xe,0xe,0x0,0x0,0xce
1581288988,35,60,0xe,0xe,0xe,0xe,0x0,0x0,0x0,0x0,0x0,0x0,0x20
1581288993,40,20,0x1,0x1,0x1,0x1,0x1,0x1,0x1,0x1,0x1,0x1,0x6b
1581288997,44,24,0x1,0x1,0x1,0x1,0x1,0x1,0x1,0x1,0x1,0x1,0xab
1581289002,48,48,0x2,0x2,0x2,0x2,0x2,0x2,0x2,0x2,0x3,0x3,0xe0
1581289007,52,52,0x2,0x2,0x2,0x2,0x2,0x2,0x2,0x2,0x2,0x2,0x65
1581289012,56,56,0x1,0x1,0x1,0x1,0x1,0x1,0x1,0x2,0x0,0x0,0x26
1581289017,61,16,0x0,0x0,0x0,0x0,0x0,0x0,0x0,0x0,0x0,0x0,0x79
1581289021,65,20,0x0,0x0,0x0,0x0,0x0,0x0,0x0,0x0,0x0,0x0,0xb9
1581289026,69,44,0x0,0x0,0x0,0x0,0x0,0x0,0x0,0x0,0x0,0x0,0x22
1581289031,73,38,0x0,0x0,0x0,0x0,0x0,0x0,0x0,0x0,0x0,0x0,0x4e
1581289036,77,52,0x2,0x2,0x2,0x2,0x2,0x2,0x2,0x2,0x2,0x2,0xc4
1581289041,82,2,0x4,0x4,0x4,0x4,0x4,0x4,0x4,0x4,0x4,0x4,0xc8
1581289045,86,6,0x5,0x5,0x5,0x5,0x5,0x5,0x5,0x5,0x5,0x5,0x1a
1581289050,90,30,0x2,0x2,0x2,0x2,0x2,0x2,0x2,0x2,0x2,0x2,0x4f
1581289055,94,34,0x0,0x0,0x0,0x0,0x0,0x0,0x0,0x0,0x0,0x0,0x6d
1581289060,1,46,0x9,0x9,0xa,0xa,0x9,0xa,0xa,0xa,0xa,0xa,0x87
1581289065,5,60,0xa,0xa,0xa,0xa,0xa,0xa,0xa,0xa,0xa,0xa,0x69
1581289069,10,0,0xa,0xa,0xa,0xa,0xa,0xa,0xa,0xa,0xa,0xa,0x37
1581289074,14,24,0xa,0xa,0xa,0xa,0xa,0xa,0xa,0xa,0xa,0xa,0x9f
1581289079,18,28,0xa,0xa,0xa,0xa,0xa,0xa,0xa,0xa,0xa,0xa,0xdf
1581289084,22,52,0xa,0xa,0xa,0xa,0xa,0xa,0xa,0xa,0xa,0xa,0x48
1581289088,26,56,0xa,0xa,0xa,0xa,0xa,0xa,0xa,0xa,0xa,0xa,0x88
1581289093,31,16,0xa,0xa,0xa,0xa,0xa,0xa,0xa,0xa,0xa,0xa,0x7e
1581289098,35,20,0xa,0xa,0xa,0xa,0xa,0xa,0xa,0xa,0xa,0xa,0xbe
1581289103,39,34,0xa,0xa,0xa,0xa,0xa,0xa,0xa,0xa,0xa,0xa,0x13
1581289108,43,48,0xa,0xa,0xa,0xa,0xa,0xa,0xa,0xa,0xa,0xa,0x67
1581457622,52,12,0xa,0xa,0xa,0xa,0xa,0xa,0xa,0xa,0xa,0xa,0x9d
1581457761,3,8,0x1,0x1,0x1,0x1,0x1,0x1,0x1,0x1,0x2,0x2,0x7
1581457766,7,12,0x1,0x1,0x1,0x1,0x1,0x1,0x1,0x1,0x1,0x1,0x8b
1581457771,11,36,0xd,0xd,0xd,0xd,0xd,0xd,0xd,0xd,0xd,0xd,0xc0
1581457776,15,40,0xd,0xd,0xd,0xd,0xd,0xd,0xd,0xd,0xd,0xd,0x1
1581457780,19,44,0xd,0xd,0xd,0xd,0xd,0xd,0xd,0xd,0xd,0xd,0x41
1581457785,23,58,0xd,0xd,0xd,0xd,0xd,0xd,0x0,0x0,0x0,0x0,0x51
1581457790,27,62,0xd,0xd,0x0,0x0,0x0,0x0,0x0,0x0,0x0,0x0,0x80
1581457795,32,32,0x1,0x2,0x2,0x2,0x2,0x3,0x9,0xd,0xd,0xd,0x4d
1581457800,36,36,0x2,0x2,0x3,0x8,0xd,0xd,0xd,0xd,0xd,0xd,0xb4
1581457804,40,60,0xd,0xd,0xd,0xd,0x0,0x0,0x0,0x0,0x0,0x0,0x22
1581457809,45,0,0x0,0x0,0x0,0x0,0x0,0x0,0x0,0x0,0x0,0x0,0x78
1581457814,49,4,0x0,0x0,0x0,0x0,0x0,0x0,0x0,0x0,0x0,0x0,0xb8
1581457819,53,28,0x1,0x1,0x1,0x1,0x1,0x1,0x1,0x1,0x1,0x2,0x3d
1581457823,57,32,0x1,0x1,0x1,0x1,0x1,0x1,0x1,0x2,0x2,0x2,0x7b
1581457828,61,56,0xd,0xd,0xd,0xd,0xd,0xd,0xd,0xd,0x0,0x0,0x1f
1581457833,65,60,0xd,0xd,0xd,0xd,0x0,0x0,0x0,0x0,0x0,0x0,0x81
1581457838,70,30,0x0,0x0,0x0,0x0,0x0,0x1,0x1,0x1,0x1,0x1,0xf
1581457843,74,34,0x0,0x0,0x0,0x1,0x1,0x1,0x1,0x1,0x1,0x1,0xec
1581457847,78,38,0x1,0x1,0x1,0x1,0x2,0x2,0x2,0x2,0x2,0x2,0x72
1581457852,82,62,0xd,0xd,0x1,0x1,0x1,0x1,0x1,0x1,0x1,0x1,0xda
1581457857,87,2,0x1,0x1,0x1,0x1,0x1,0x1,0x1,0x1,0x1,0x1,0xdb
1581457862,91,26,0x0,0x0,0x0,0x0,0x0,0x0,0x0,0x0,0x0,0x0,0x33
1581457867,95,30,0x0,0x0,0x0,0x0,0x0,0x0,0x0,0x0,0x0,0x0,0x73
1581457871,2,52,0x1,0x1,0x1,0x1,0x1,0x1,0x1,0x1,0x1,0x1,0x95
1581457876,7,2,0x0,0x0,0x0,0x0,0x0,0x0,0x0,0x0,0x0,0x0,0x66
1581457881,11,6,0x0,0x0,0x0,0x0,0x0,0x0,0x0,0x0,0x0,0x0,0xa6
1581457886,15,30,0x0,0x0,0x0,0x0,0x0,0x0,0x0,0x0,0x0,0x0,0xf
1581457891,19,34,0x0,0x0,0x0,0x0,0x0,0x0,0x0,0x0,0x0,0x0,0x4f
1581457895,24,4,0x0,0x0,0x0,0x0,0x0,0x0,0x0,0x0,0x0,0x0,0x59
1581457900,28,18,0x0,0x0,0x0,0x0,0x0,0x0,0x0,0x0,0x0,0x0,0xad
1581457905,32,22,0x0,0x0,0x0,0x0,0x0,0x0,0x0,0x0,0x0,0x0,0xed
1581457910,36,46,0x0,0x0,0x0,0x0,0x0,0x0,0x0,0x0,0x0,0x0,0x56
1581457915,40,50,0x0,0x0,0x0,0x0,0x0,0x0,0x0,0x0,0x0,0x0,0x96
1581457919,45,10,0x0,0x0,0x0,0x0,0x0,0x0,0x0,0x0,0x0,0x0,0x8c
1581457924,49,14,0x0,0x0,0x0,0x0,0x0,0x0,0x0,0x0,0x0,0x0,0xcc
1581457929,53,28,0x0,0x0,0x0,0x0,0x0,0x0,0x0,0x0,0x0,0x0,0x21
1581457934,57,42,0x0,0x0,0x0,0x0,0x0,0x0,0x0,0x0,0x0,0x0,0x75
1581457939,61,46,0x0,0x0,0x0,0x0,0x0,0x0,0x0,0x0,0x0,0x0,0xb5
1581457943,66,16,0x0,0x0,0x0,0x0,0x0,0x0,0x0,0x0,0x0,0x0,0xbf
1581457948,70,20,0x0,0x0,0x0,0x0,0x0,0x0,0x0,0x0,0x0,0x0,0x0
1581457953,74,44,0x1,0x1,0x1,0x1,0x1,0x1,0x1,0x1,0x1,0x1,0x79
1581457958,78,48,0xc,0xc,0xc,0xc,0xc,0xc,0xc,0xc,0xd,0xd,0x31
1581457962,82,52,0xe,0xe,0xe,0xe,0xe,0xe,0xe,0xe,0xe,0xe,0xd7
1581457967,87,12,0xe,0xe,0xe,0xe,0xe,0xe,0xe,0xe,0xe,0xe,0xcd
1581457972,91,16,0x8,0x8,0x8,0x8,0x8,0x8,0x8,0x8,0x7,0x7,0xeb
1581457977,95,30,0x2,0x2,0x2,0x2,0x2,0x2,0x2,0x2,0x2,0x2,0x95
1581457982,2,32,0xe,0xe,0xe,0xe,0xe,0xe,0xe,0xe,0xe,0xe,0x4b
1581457986,6,56,0xe,0xe,0xe,0xe,0xe,0xe,0xe,0xe,0xe,0xe,0xb3
1581457991,10,60,0x7,0x7,0x6,0x6,0x8,0x8,0x8,0x8,0x8,0x8,0xc0
1581457996,15,0,0x5,0x5,0x5,0x5,0x5,0x5,0x5,0x5,0x5,0x5,0x28
1581458001,19,14,0x4,0x4,0x4,0x4,0x4,0x4,0x4,0x4,0x4,0x4,0x6b
1581458006,23,18,0x3,0x3,0x3,0x3,0x3,0x3,0x3,0x3,0x3,0x3,0x9a
1581458010,27,42,0x2,0x2,0x2,0x2,0x2,0x2,0x2,0x2,0x2,0x2,0xf1
1581458015,31,46,0x1,0x1,0x1,0x1,0x1,0x1,0x1,0x1,0x1,0x1,0x21
1581458020,36,6,0x1,0x1,0x1,0x1,0x1,0x1,0x1,0x1,0x1,0x1,0x17
1581458025,40,10,0x1,0x1,0x1,0x1,0x1,0x1,0x1,0x1,0x1,0x1,0x57
1581458030,44,24,0x1,0x1,0x1,0x1,0x1,0x1,0x1,0x1,0x1,0x1,0xab
1581458034,48,48,0x0,0x0,0x0,0x0,0x0,0x0,0x0,0x0,0x0,0x0,0x3
1581458039,52,52,0x0,0x0,0x0,0x0,0x0,0x0,0x0,0x0,0x0,0x0,0x43
1581458044,57,12,0x0,0x0,0x0,0x0,0x0,0x0,0x0,0x0,0x0,0x0,0x39
1581458049,61,16,0x0,0x0,0x0,0x0,0x0,0x0,0x0,0x0,0x0,0x0,0x79
1581458054,65,30,0x0,0x0,0x0,0x0,0x0,0x0,0x0,0x0,0x0,0x0,0xcd
1581458058,69,54,0x0,0x0,0x0,0x0,0x0,0x0,0x0,0x0,0x0,0x0,0x36
1581458063,73,58,0x0,0x0,0x0,0x0,0x0,0x0,0x0,0x0,0x0,0x0,0x76
1581458068,78,18,0x3,0x3,0x3,0x3,0x3,0x4,0x4,0x4,0x4,0x4,0x9a
1581458073,82,22,0x7,0x7,0x7,0x7,0x7,0x7,0x7,0x7,0x7,0x7,0x24
1581458078,86,46,0x7,0x7,0x7,0x7,0x7,0x7,0x7,0x7,0x7,0x7,0x8c
1581458082,90,50,0x4,0x4,0x4,0x4,0x4,0x4,0x4,0x4,0x4,0x4,0x99
1581458087,95,10,0x1,0x1,0x1,0x1,0x1,0x1,0x1,0x1,0x1,0x1,0x5c
1581458092,2,22,0x2,0x2,0x2,0x2,0x2,0x2,0x2,0x2,0x2,0x2,0x6a
1581458097,6,26,0x1,0x1,0x1,0x1,0x1,0x1,0x1,0x1,0x1,0x1,0x99
1581458101,10,60,0x1,0x1,0x1,0x1,0x1,0x1,0x1,0x1,0x1,0x1,0x16
1581458106,15,0,0x1,0x1,0x1,0x1,0x1,0x1,0x1,0x1,0x1,0x1,0xe3
1581458111,19,24,0x0,0x0,0x0,0x0,0x0,0x0,0x0,0x0,0x0,0x0,0x3b
1581458116,23,28,0x0,0x0,0x0,0x0,0x0,0x0,0x0,0x0,0x0,0x0,0x7b
1581458121,27,32,0x0,0x0,0x0,0x0,0x0,0x0,0x0,0x0,0x0,0x0,0xbb
1581458125,31,56,0x0,0x0,0x0,0x0,0x0,0x0,0x0,0x0,0x2,0x2,0x9b
1581458130,35,60,0x1,0x1,0x1,0x1,0x2,0x2,0x2,0x2,0x2,0x2,0x42
1581458135,40,20,0x2,0x2,0x2,0x1,0x1,0x1,0x1,0x1,0x1,0x1,0xe3
1581458140,44,24,0x2,0x2,0x2,0x2,0x2,0x1,0x1,0x1,0x1,0x1,0xc1
1581458145,48,48,0x2,0x2,0x2,0x2,0x2,0x2,0x2,0x2,0x2,0x2,0x25
1581458149,52,52,0x2,0x2,0x2,0x2,0x2,0x2,0x2,0x2,0x2,0x2,0x65
1581458154,56,56,0x2,0x2,0x2,0x2,0x2,0x2,0x2,0x2,0x3,0x3,0x61
1581458159,61,26,0x4,0x4,0x4,0x4,0x4,0x4,0x4,0x4,0x4,0x4,0xd1
1581458164,65,30,0x4,0x4,0x4,0x4,0x4,0x4,0x4,0x4,0x4,0x4,0x12
1581458169,69,54,0x3,0x3,0x3,0x3,0x3,0x3,0x3,0x3,0x3,0x3,0x69
1581458173,73,58,0x3,0x3,0x3,0x3,0x3,0x3,0x3,0x3,0x3,0x3,0xa9
1581458178,78,18,0xc,0xd,0xd,0xd,0xd,0xd,0xd,0xe,0xe,0xe,0x2a
1581458183,82,22,0xe,0xe,0xe,0xe,0xe,0xe,0xe,0xe,0xe,0xe,0x9b
1581458188,86,26,0xe,0xe,0xe,0xe,0xe,0xe,0xe,0xe,0xe,0xe,0xdb
1581458193,90,50,0xb,0xb,0xc,0xb,0xb,0xc,0xb,0xb,0xb,0xb,0xea
1581458197,94,54,0x5,0x5,0x5,0x5,0x5,0x5,0x5,0x5,0x5,0x5,0xea
1581458202,2,2,0x4,0x4,0x4,0x4,0x4,0x4,0x4,0x4,0x4,0x4,0x64
1581458207,6,6,0x3,0x3,0x3,0x3,0x3,0x3,0x3,0x3,0x3,0x3,0x93
1581458212,10,30,0x0,0x0,0x0,0x0,0x0,0x0,0x0,0x0,0x0,0x0,0xc8
1581458217,14,34,0x0,0x0,0x0,0x0,0x0,0x0,0x0,0x0,0x0,0x0,0x9
1581458221,18,38,0x0,0x0,0x0,0x0,0x0,0x0,0x0,0x0,0x0,0x0,0x49
1581458226,23,8,0x0,0x0,0x0,0x0,0x0,0x0,0x0,0x0,0x0,0x0,0x53
1581458231,27,12,0x0,0x0,0x0,0x0,0x0,0x0,0x0,0x0,0x0,0x0,0x93
1581458236,31,36,0x0,0x0,0x0,0x0,0x0,0x0,0x0,0x0,0x0,0x0,0xfb
1581458241,35,40,0x0,0x0,0x0,0x0,0x0,0x0,0x0,0x0,0x0,0x0,0x3c
1581458245,39,44,0x0,0x0,0x0,0x0,0x0,0x0,0x0,0x0,0x0,0x0,0x7c
1581458250,44,4,0x1,0x0,0x0,0x0,0x0,0x0,0x0,0x0,0x0,0x0,0x9b
1581458255,48,8,0x0,0x0,0x0,0x0,0x0,0x0,0x0,0x0,0x0,0x0,0xb2
1581458260,52,32,0x0,0x0,0x0,0x0,0x0,0x0,0x0,0x0,0x0,0x0,0x1b
1581458264,56,36,0x0,0x0,0x0,0x0,0x0,0x0,0x0,0x0,0x0,0x0,0x5b
1581458269,60,50,0x0,0x0,0x0,0x0,0x0,0x0,0x0,0x0,0x0,0x0,0xaf
1581458274,65,0,0x0,0x0,0x0,0x0,0x0,0x0,0x0,0x0,0x0,0x0,0x91
1581458279,69,4,0x0,0x0,0x0,0x0,0x0,0x0,0x0,0x0,0x0,0x0,0xd1
1581458284,73,38,0x0,0x0,0x0,0x0,0x0,0x0,0x0,0x0,0x0,0x0,0x4e
1581458288,77,42,0x0,0x0,0x0,0x0,0x0,0x0,0x0,0x0,0x0,0x0,0x8e
1581458293,82,2,0x2,0x2,0x2,0x2,0x2,0x2,0x2,0x2,0x2,0x2,0xa6
1581458298,86,6,0x2,0x2,0x2,0x2,0x2,0x2,0x2,0x2,0x2,0x2,0xe6
1581458303,90,10,0x0,0x0,0x0,0x0,0x0,0x0,0x0,0x0,0x0,0x0,0x5
1581458308,94,34,0x0,0x0,0x0,0x0,0x0,0x0,0x0,0x0,0x0,0x0,0x6d
1581458312,1,36,0x3,0x3,0x3,0x3,0x3,0x3,0x3,0x3,0x3,0x3,0x89
1581458317,6,6,0x2,0x2,0x2,0x2,0x2,0x2,0x2,0x2,0x2,0x2,0x82
1581458322,10,10,0x0,0x0,0x0,0x0,0x0,0x0,0x0,0x0,0x0,0x0,0xa0
1581458327,14,14,0x0,0x0,0x0,0x0,0x0,0x0,0x0,0x0,0x0,0x0,0xe0
1581458332,18,38,0x0,0x0,0x0,0x0,0x0,0x0,0x0,0x0,0x0,0x0,0x49
1581458336,22,42,0x0,0x0,0x0,0x0,0x0,0x0,0x0,0x0,0x0,0x0,0x89
1581458341,27,2,0x0,0x0,0x0,0x0,0x0,0x0,0x0,0x0,0x0,0x0,0x7f
1581458346,31,6,0x0,0x0,0x0,0x0,0x0,0x0,0x0,0x0,0x0,0x0,0xbf
1581458351,35,20,0x0,0x0,0x0,0x0,0x0,0x0,0x0,0x0,0x0,0x0,0x14
1581458356,39,34,0x0,0x0,0x0,0x0,0x0,0x0,0x0,0x0,0x0,0x0,0x68
1581458360,43,38,0x0,0x0,0x0,0x0,0x0,0x0,0x0,0x0,0x0,0x0,0xa8
1581458365,48,8,0x0,0x0,0x0,0x0,0x0,0x0,0x0,0x0,0x0,0x0,0xb2
1581458370,52,12,0x0,0x0,0x0,0x0,0x0,0x0,0x0,0x0,0x0,0x0,0xf2
1581458375,56,36,0x0,0x0,0x0,0x0,0x0,0x0,0x0,0x0,0x0,0x0,0x5b
1581458380,60,40,0x0,0x0,0x0,0x0,0x0,0x0,0x0,0x0,0x0,0x0,0x9b
1581458384,64,44,0x0,0x0,0x0,0x0,0x0,0x0,0x0,0x0,0x0,0x0,0xdb
1581458389,69,4,0x0,0x0,0x0,0x0,0x0,0x0,0x0,0x0,0x0,0x0,0xd1
1581458394,73,8,0x0,0x0,0x0,0x0,0x0,0x0,0x0,0x0,0x0,0x0,0x12
1581458399,77,32,0x3,0x3,0x3,0x3,0x3,0x2,0x2,0x2,0x2,0x2,0xb2
1581458403,81,36,0x7,0x7,0x7,0x7,0x7,0x7,0x7,0x7,0x7,0x7,0x32
1581458408,85,60,0x7,0x7,0x7,0x7,0x8,0x8,0x8,0x8,0x8,0x8,0x67
1581458413,90,10,0x4,0x4,0x4,0x4,0x4,0x4,0x4,0x4,0x4,0x4,0x49
1581458418,94,14,0x0,0x0,0x0,0x0,0x0,0x0,0x0,0x0,0x0,0x0,0x45
1581458423,1,36,0x0,0x0,0x0,0x0,0x0,0x0,0x0,0x0,0x0,0x0,0x56
1581458427,5,40,0x0,0x0,0x0,0x0,0x0,0x0,0x0,0x0,0x0,0x0,0x96
1581458432,10,0,0x0,0x0,0x0,0x0,0x0,0x0,0x0,0x0,0x0,0x0,0x8c
1581458437,14,4,0x0,0x0,0x0,0x0,0x0,0x0,0x0,0x0,0x0,0x0,0xcc
1581458442,18,8,0x0,0x0,0x0,0x0,0x0,0x0,0x0,0x0,0x0,0x0,0xd
1581458447,22,42,0x0,0x0,0x0,0x0,0x0,0x0,0x0,0x0,0x0,0x0,0x89
1582573304,3,28,0x9,0x9,0x9,0x9,0x9,0x9,0x9,0x9,0x9,0x9,0xfb
1582573309,7,22,0x9,0x9,0x9,0x9,0x9,0x9,0x9,0x9,0x9,0x9,0x28
1582573314,11,46,0x9,0x9,0x9,0x9,0x9,0x9,0x9,0x9,0x9,0x9,0x90
1582573319,15,50,0x9,0x9,0x9,0x9,0x9,0x9,0x9,0x9,0x9,0x9,0xd0
1582573323,19,54,0x9,0x9,0x9,0x9,0x9,0x9,0x9,0x9,0x9,0x9,0x11
1582573328,24,4,0x9,0x9,0x9,0x9,0x9,0x9,0x9,0x9,0x9,0x9,0xf2
1582573333,27,62,0x9,0x9,0x9,0x9,0x9,0x9,0x9,0x9,0x9,0x9,0x91
1582573338,32,22,0x9,0x9,0x9,0x9,0x9,0x9,0x9,0x9,0x9,0x9,0x87
1582573342,36,26,0x9,0x9,0x9,0x9,0x9,0x9,0x9,0x9,0x9,0x9,0xc7
1582573347,40,50,0x9,0x9,0x9,0x8,0x8,0x8,0x7,0x8,0x8,0x9,0xcd
1582573352,44,54,0x9,0x9,0x9,0xa,0x9,0x9,0x9,0x9,0x9,0x9,0x3c
1582573357,49,14,0x9,0x9,0x9,0x9,0x9,0x9,0x9,0x9,0x9,0x9,0x66
1582573362,53,8,0x9,0x9,0x9,0x9,0x9,0x9,0x9,0x9,0x9,0x9,0x92
1582573366,57,22,0x9,0x9,0x9,0x9,0x9,0x9,0x9,0x9,0x9,0x9,0xe6
1582573371,61,36,0x9,0x9,0x9,0x9,0x9,0x9,0x9,0x9,0x9,0x9,0x3b
1582573376,65,40,0x9,0x9,0x9,0x9,0x9,0x9,0x9,0x9,0x9,0x9,0x7b
1582573381,70,0,0x9,0x9,0x9,0x9,0x9,0x9,0x9,0x9,0x9,0x9,0x71
1582573386,73,58,0x9,0x9,0x9,0x9,0x9,0x9,0x9,0x9,0x9,0x9,0x10
1582573390,78,18,0x9,0x9,0x9,0x9,0x9,0x9,0x9,0x9,0x9,0x9,0x6
1582573395,82,22,0x9,0x9,0x9,0x9,0x9,0x9,0x9,0x9,0x9,0x9,0x46
1582573400,86,46,0x5,0x5,0x5,0x4,0x4,0x4,0x4,0x4,0x4,0x4,0xd1
1582573405,90,50,0x1,0x1,0x1,0x1,0x1,0x1,0x0,0x0,0x0,0x0,0x88
1582573410,94,54,0x0,0x0,0x0,0x0,0x0,0x0,0x0,0x0,0x0,0x0,0x95
1582573414,2,2,0x8,0x8,0x8,0x8,0x8,0x8,0x8,0x8,0x8,0x8,0xa8
1582573419,6,6,0x8,0x8,0x8,0x8,0x8,0x8,0x8,0x8,0x8,0x8,0xe8
1582573424,10,30,0x8,0x8,0x8,0x8,0x8,0x8,0x8,0x8,0x8,0x8,0x51
1582573429,14,34,0x8,0x8,0x8,0x8,0x8,0x8,0x8,0x8,0x8,0x8,0x91
1582573434,18,48,0x8,0x8,0x8,0x8,0x8,0x8,0x8,0x8,0x8,0x8,0xe5
1582573438,22,52,0x8,0x8,0x8,0x8,0x8,0x8,0x8,0x8,0x8,0x8,0x26
1582573443,27,2,0x8,0x8,0x8,0x8,0x8,0x8,0x8,0x8,0x8,0x8,0x8
1582573448,31,26,0x8,0x8,0x8,0x8,0x8,0x8,0x8,0x8,0x8,0x8,0x70
1582573453,35,20,0x8,0x8,0x8,0x8,0x8,0x8,0x8,0x8,0x8,0x8,0x9c
1582573458,39,44,0x8,0x8,0x8,0x8,0x8,0x8,0x8,0x8,0x8,0x8,0x5
1582573462,43,48,0x8,0x8,0x8,0x8,0x8,0x8,0x8,0x8,0x8,0x8,0x45
1582573467,48,8,0x8,0x8,0x8,0x8,0x8,0x8,0x8,0x8,0x8,0x8,0x3b
1582573472,52,12,0x8,0x8,0x8,0x8,0x8,0x8,0x8,0x8,0x8,0x8,0x7b
1582573477,56,36,0x8,0x8,0x8,0x8,0x8,0x8,0x8,0x8,0x8,0x8,0xe3
1582573481,60,40,0x8,0x8,0x8,0x8,0x8,0x8,0x8,0x8,0x8,0x8,0x24
1582573486,64,34,0x8,0x8,0x8,0x8,0x8,0x8,0x8,0x8,0x8,0x8,0x50
1582573491,68,58,0x8,0x8,0x8,0x8,0x8,0x8,0x8,0x8,0x8,0x8,0xb8
1582573496,72,62,0x8,0x8,0x8,0x8,0x8,0x8,0x8,0x8,0x8,0x8,0xf8
1582573501,77,22,0x8,0x8,0x8,0x8,0x8,0x8,0x8,0x8,0x8,0x8,0xee
1582573505,81,16,0x8,0x8,0x8,0x8,0x8,0x8,0x8,0x8,0x8,0x8,0x1b
1582573510,85,40,0x7,0x7,0x7,0x7,0x7,0x7,0x7,0x7,0x7,0x7,0x72
1582573515,89,44,0x2,0x2,0x2,0x2,0x2,0x2,0x2,0x2,0x2,0x2,0x5d
1582573520,93,58,0x1,0x1,0x1,0x1,0x1,0x1,0x1,0x1,0x1,0x1,0xa0
1582573525,1,6,0x8,0x8,0x8,0x8,0x8,0x8,0x8,0x8,0x8,0x8,0xa2
1582573529,5,0,0x8,0x8,0x8,0x8,0x8,0x8,0x8,0x8,0x8,0x8,0xce
1582573534,9,24,0x8,0x8,0x8,0x8,0x8,0x8,0x8,0x8,0x8,0x8,0x37
1582573539,13,28,0x8,0x8,0x8,0x8,0x8,0x8,0x8,0x8,0x8,0x8,0x77
1582573544,17,52,0x8,0x8,0x8,0x8,0x8,0x8,0x8,0x8,0x8,0x8,0xdf
1582573549,21,56,0x8,0x8,0x8,0x8,0x8,0x8,0x8,0x8,0x8,0x8,0x20
1582573553,25,60,0x8,0x8,0x8,0x8,0x8,0x8,0x8,0x8,0x8,0x8,0x60
1582573558,30,10,0x8,0x8,0x8,0x8,0x8,0x8,0x8,0x8,0x8,0x8,0x42
1582573563,34,14,0x8,0x8,0x8,0x8,0x8,0x8,0x8,0x8,0x8,0x8,0x82
1582573568,38,38,0x8,0x8,0x8,0x8,0x8,0x8,0x8,0x8,0x8,0x8,0xea
1582573573,42,32,0x8,0x8,0x8,0x8,0x8,0x8,0x8,0x8,0x8,0x8,0x17
1582573577,46,56,0x8,0x8,0x8,0x8,0x8,0x8,0x8,0x8,0x8,0x8,0x7f
1582573582,50,60,0x8,0x8,0x8,0x8,0x8,0x8,0x8,0x8,0x8,0x8,0xbf
1582573587,55,20,0x8,0x8,0x8,0x8,0x8,0x8,0x8,0x8,0x8,0x8,0xb5
1582573592,59,24,0x8,0x8,0x8,0x8,0x8,0x8,0x8,0x8,0x8,0x8,0xf5
1582573597,63,28,0x8,0x8,0x8,0x8,0x8,0x8,0x8,0x8,0x8,0x8,0x36
1582573601,67,42,0x8,0x8,0x8,0x8,0x8,0x8,0x8,0x8,0x8,0x8,0x8a
1582573606,71,46,0x8,0x8,0x8,0x8,0x8,0x8,0x8,0x8,0x8,0x8,0xca
1582573611,76,6,0x8,0x8,0x8,0x8,0x8,0x8,0x8,0x8,0x8,0x8,0xc0
1582573616,80,10,0x8,0x8,0x8,0x8,0x8,0x8,0x8,0x8,0x8,0x8,0x1
1582573621,84,24,0x8,0x8,0x8,0x8,0x8,0x8,0x8,0x8,0x8,0x8,0x55
1582573625,88,28,0x4,0x4,0x4,0x4,0x4,0x4,0x4,0x4,0x4,0x4,0x51
1582573630,92,52,0x1,0x1,0x1,0x1,0x1,0x1,0x1,0x1,0x1,0x1,0x86
1582573635,95,60,0x1,0x1,0x1,0x1,0x0,0x0,0x0,0x0,0x0,0x0,0xf3
1582573640,3,58,0x9,0x8,0x7,0x7,0x8,0x6,0x8,0x8,0x8,0x8,0x8d
1582573644,8,18,0xa,0xb,0xb,0xb,0xb,0xb,0xb,0xb,0xa,0x9,0x60
1582573649,12,12,0xb,0xb,0xb,0xb,0xb,0xb,0xb,0xb,0xb,0xb,0x7c
1582573654,16,36,0xa,0xa,0xa,0xa,0xa,0xa,0xa,0x9,0xa,0xa,0x86
1582573659,20,40,0xa,0x9,0x9,0x9,0x9,0x9,0x9,0xa,0xa,0xa,0x35
1582573664,24,54,0x9,0x9,0xa,0xa,0xa,0xa,0xa,0xa,0xa,0xa,0xac
1582573668,29,4,0xb,0xb,0xb,0xb,0xb,0xb,0xb,0xb,0xb,0xb,0x5b
1582573673,32,62,0xa,0x9,0xb,0xb,0xb,0xb,0xb,0xb,0xb,0xb,0xab
1582573678,37,22,0xb,0xb,0xb,0xb,0xb,0xb,0xa,0xb,0xb,0xb,0x1b
1582573683,41,26,0xb,0xb,0xb,0xb,0xb,0xb,0xb,0xb,0xb,0xb,0x30
1582573688,45,50,0xb,0xb,0xb,0xb,0xb,0xa,0xa,0xb,0xb,0xb,0xa6
1582573692,49,44,0xb,0xb,0xb,0xb,0xb,0xa,0xb,0xb,0xb,0xb,0xa7
1582573697,54,4,0xa,0xa,0xa,0x9,0xa,0x9,0xa,0xb,0xb,0xb,0xc9
1582573702,58,8,0x9,0x9,0xa,0xb,0xb,0xb,0xb,0xb,0x9,0x8,0x44
1582573707,62,12,0xb,0xb,0xb,0xb,0xb,0xb,0xb,0xb,0xb,0xa,0x30
1582573712,66,36,0xa,0xb,0xb,0xb,0xb,0xb,0xb,0xb,0xb,0xb,0x7a
1582573716,70,30,0xb,0xb,0xb,0xb,0xb,0xb,0xb,0xb,0xb,0xb,0xcf
1582573721,74,54,0xa,0xa,0xa,0xb,0xa,0xa,0x9,0xa,0xa,0xa,0x1e
1582573726,78,58,0x9,0x8,0x8,0x9,0x9,0xa,0xb,0xb,0xb,0xb,0xdf
1582573731,83,18,0x5,0x5,0x6,0x5,0x6,0x7,0x6,0x6,0x8,0x7,0x1b
1582573736,87,12,0x3,0x2,0x2,0x2,0x2,0x2,0x2,0x2,0x2,0x2,0x2a
1582573740,91,36,0x0,0x0,0x0,0x0,0x0,0x0,0x0,0x0,0x0,0x0,0x47
1582573745,95,40,0x0,0x0,0x0,0x0,0x0,0x0,0x0,0x0,0x0,0x0,0x87
1582573750,2,42,0x9,0x8,0x9,0xa,0xa,0xa,0xa,0xa,0xa,0xa,0x10
1582573755,7,2,0xa,0xa,0x9,0x9,0x9,0xa,0xa,0xa,0x9,0xa,0x6
1582573760,10,60,0xa,0xa,0xa,0xa,0xa,0xa,0xa,0xa,0xa,0xa,0xaf
1582573764,15,20,0xa,0xa,0xa,0xa,0xa,0xa,0xa,0xa,0xa,0xa,0xa5
1582573769,19,24,0xa,0xa,0xa,0xa,0xa,0xa,0xa,0xa,0xa,0xa,0xe5
1582573774,23,38,0xa,0xa,0xa,0xa,0xa,0xa,0xa,0xa,0xa,0xa,0x3a
1582573779,27,52,0xa,0xa,0xa,0xa,0xa,0xa,0xa,0xa,0xa,0xa,0x8e
1582573783,31,46,0xa,0xa,0xa,0xa,0xa,0xa,0xa,0xa,0xa,0xa,0xba
1582573788,36,6,0xa,0xa,0xa,0xa,0xa,0xa,0xa,0xa,0xa,0xa,0xb0
1582573793,40,10,0xa,0xa,0xa,0xa,0xa,0xa,0xa,0xa,0xa,0xa,0xf0
1582573798,44,34,0xa,0xa,0xa,0xa,0xa,0xa,0xa,0xa,0xa,0xa,0x59
1582573803,48,28,0xa,0xa,0xa,0xa,0xa,0xa,0xa,0xa,0xa,0xa,0x85
1582573807,52,52,0xa,0xa,0xa,0xa,0xa,0xa,0xa,0xa,0xa,0xa,0xed
1582573812,56,56,0xa,0xa,0xa,0xa,0xa,0xa,0xa,0xa,0xa,0xa,0x2e
1582573817,60,60,0xa,0xa,0xa,0xa,0xa,0xa,0xa,0xa,0xa,0xa,0x6e
1582573822,65,10,0xa,0xa,0xa,0xa,0xa,0xa,0xa,0xa,0xa,0xa,0x50
1582573827,69,14,0xa,0xa,0xa,0xa,0xa,0xa,0xa,0xa,0xa,0xa,0x90
1582573831,73,38,0xa,0xa,0xa,0xa,0xa,0xa,0xa,0xa,0xa,0xa,0xf8
1582573836,77,42,0xa,0xa,0xa,0xa,0xa,0xa,0xa,0xa,0xa,0xa,0x39
1582573841,82,2,0xa,0xa,0xa,0xa,0xa,0xa,0xa,0xa,0xa,0xa,0x2f
1582573846,85,60,0x4,0x4,0x4,0x5,0x9,0x9,0x9,0x8,0x8,0x7,0x1f
1582573851,90,20,0x1,0x1,0x1,0x1,0x1,0x1,0x1,0x1,0x1,0x1,0x2a
1582651880,4,4,0x8,0x9,0x9,0x9,0x8,0x7,0x7,0x7,0x7,0x7,0xe8
1582651924,2,12,0x8,0x8,0x8,0x9,0x8,0x8,0x8,0x8,0x8,0x8,0x88
1582651928,6,16,0xa,0xa,0xa,0xa,0xa,0xa,0xa,0xa,0xa,0xa,0x1f
1582651933,10,40,0xa,0xa,0xa,0xa,0xa,0xa,0xa,0xa,0xa,0xa,0x87
1582651938,14,44,0xa,0xa,0xa,0xa,0xa,0xa,0xa,0xa,0xa,0xa,0xc7
1582651943,18,48,0xa,0xa,0xa,0xa,0xa,0xa,0xa,0xa,0xa,0xa,0x8
1582651947,22,62,0xa,0xa,0xa,0xa,0xa,0xa,0xa,0xa,0xa,0xa,0x5c
1582651952,26,56,0xa,0xa,0xa,0xa,0xa,0xa,0xa,0xa,0xa,0xa,0x88
1582651957,31,16,0xa,0xa,0xa,0xa,0xa,0xa,0xa,0xa,0xa,0xa,0x7e
1582651962,35,20,0xa,0xa,0xa,0xa,0xa,0xa,0xa,0xa,0xa,0xa,0xbe
1582651967,39,44,0xa,0xa,0xa,0x9,0x9,0xa,0xa,0xa,0xa,0xa,0x89
1582651971,43,48,0xa,0xa,0xa,0xa,0xa,0xa,0xa,0xa,0xa,0xa,0x67
1582651976,48,8,0xa,0xa,0xa,0xa,0xa,0xa,0x9,0x9,0xa,0xa,0x3b
1582651981,52,12,0x9,0x9,0x9,0x9,0x8,0x8,0x9,0xa,0xa,0xa,0xa6
1582651986,56,16,0xa,0xa,0xa,0xa,0xa,0xa,0xa,0xa,0xa,0xa,0xdd
1582651991,60,40,0xa,0xa,0xa,0xa,0xa,0xa,0xa,0xa,0xa,0xa,0x46
1582651995,64,44,0xa,0xa,0xa,0xa,0xa,0xa,0xa,0xa,0xa,0xa,0x86
1582652000,69,4,0xa,0xa,0xa,0xa,0xa,0xa,0xa,0xa,0xa,0xa,0x7c
1582652005,73,8,0xa,0xa,0xa,0xa,0xa,0xa,0xa,0xa,0xa,0x9,0xb1
1582652010,77,32,0xa,0xa,0xa,0xa,0xa,0xa,0xa,0xa,0xa,0xa,0x25
1582652015,81,36,0xa,0xa,0x9,0x9,0x9,0xa,0xa,0xa,0x9,0xa,0x5a
1582652019,85,60,0x4,0x4,0x5,0x5,0x4,0x7,0x7,0x7,0x5,0x5,0x69
1582652024,90,0,0x0,0x0,0x0,0x0,0x0,0x0,0x0,0x0,0x0,0x0,0xf0
1582652029,94,4,0x0,0x0,0x0,0x0,0x0,0x0,0x0,0x0,0x0,0x0,0x31
1582652034,1,26,0xb,0xb,0xb,0xb,0xb,0xb,0xb,0xb,0xb,0xb,0xfd
1582652039,5,30,0xb,0xb,0xb,0xb,0xb,0xb,0xb,0xb,0xb,0xb,0x3e
1582652043,9,54,0xb,0xb,0xb,0x9,0x5,0x4,0x3,0x2,0x2,0x2,0x60
1582652048,13,58,0x3,0x2,0x2,0x2,0x2,0x2,0xb,0xb,0xb,0xb,0x43
1582652053,17,62,0x2,0x2,0xb,0xb,0xb,0xb,0xb,0xb,0xb,0xb,0x8d
1582652058,22,22,0xb,0xb,0xb,0xb,0xb,0xb,0xb,0xb,0xb,0xb,0x1d
1582652063,26,26,0xb,0xb,0xb,0xb,0xb,0xb,0xb,0xb,0xb,0xb,0x5d
1582652067,30,60,0x1,0x1,0x1,0x1,0xb,0xb,0xb,0xb,0xb,0xb,0x2f
1582652072,34,54,0x2,0x2,0x2,0x2,0x1,0x1,0x1,0x1,0x1,0x1,0x9f
1582652077,39,24,0xb,0xb,0xb,0xb,0xb,0xb,0xb,0xb,0xb,0xb,0x10
1582652082,43,18,0xb,0xb,0xb,0xb,0xb,0xb,0xb,0xb,0xb,0xb,0x3c
1582652086,47,42,0x2,0x2,0x2,0x2,0x2,0x2,0x2,0x2,0x2,0x2,0xb
1582652091,51,46,0x2,0x2,0x2,0x2,0x2,0x1,0x1,0x1,0x1,0x1,0x50
1582652096,55,50,0x1,0x1,0x1,0x1,0x1,0x1,0x1,0x1,0x1,0x1,0x7a
1582652101,60,10,0xb,0xb,0xb,0xb,0xb,0xb,0xb,0xb,0xb,0xa,0x10
1582652106,64,14,0xb,0xa,0x7,0x5,0x4,0x4,0x4,0x3,0x3,0x3,0x6c
1582652110,68,38,0x1,0x1,0x1,0x1,0x1,0x1,0x1,0x1,0x1,0x1,0x19
1582652115,72,42,0x1,0x1,0x1,0x1,0x1,0x1,0x1,0x1,0x1,0x1,0x59
1582652120,77,2,0x9,0x6,0x5,0x5,0x4,0x4,0x4,0x4,0x4,0x4,0xfd
1582652125,81,6,0x6,0x6,0x6,0x6,0x6,0x5,0x5,0x5,0x5,0x5,0xe9
1582652130,85,20,0x5,0x5,0x5,0x5,0x5,0x5,0x5,0x5,0x5,0x5,0x28
1582652134,89,34,0x3,0x3,0x3,0x3,0x3,0x3,0x3,0x3,0x3,0x3,0x5a
1582652139,93,38,0x1,0x1,0x1,0x1,0x1,0x1,0x1,0x1,0x1,0x1,0x78
1582652144,0,60,0x8,0x8,0x8,0x8,0x8,0x8,0x8,0x8,0x8,0x8,0x1
1582652149,5,0,0x8,0x8,0x8,0x8,0x8,0x8,0x8,0x8,0x8,0x8,0xce
1582652154,9,14,0x8,0x8,0x8,0x8,0x8,0x8,0x8,0x8,0x8,0x8,0x23
1582652158,13,28,0x8,0x8,0x8,0x8,0x8,0x8,0x8,0x8,0x8,0x8,0x77
1582652163,17,22,0x8,0x8,0x8,0x8,0x8,0x8,0x8,0x8,0x8,0x8,0xa3
1582652168,21,46,0x8,0x8,0x8,0x8,0x8,0x8,0x8,0x8,0x8,0x8,0xc
1582652173,25,50,0x8,0x8,0x8,0x8,0x8,0x8,0x8,0x8,0x8,0x8,0x4c
1582652178,30,10,0x8,0x8,0x8,0x8,0x8,0x8,0x8,0x8,0x8,0x8,0x42
1582652182,34,14,0x8,0x8,0x8,0x8,0x8,0x8,0x8,0x8,0x8,0x8,0x82
1582652187,38,38,0x8,0x8,0x8,0x8,0x8,0x8,0x8,0x8,0x8,0x8,0xea
1582652192,42,42,0x8,0x8,0x8,0x8,0x8,0x8,0x8,0x8,0x8,0x8,0x2b
1582652197,47,2,0x8,0x8,0x8,0x8,0x8,0x8,0x8,0x8,0x8,0x8,0x21
1582652202,51,6,0x8,0x8,0x8,0x8,0x8,0x8,0x8,0x8,0x8,0x8,0x61
1582652206,55,10,0x8,0x8,0x8,0x8,0x8,0x8,0x8,0x8,0x8,0x8,0xa1
1582652211,59,34,0x8,0x8,0x8,0x8,0x8,0x8,0x8,0x8,0x8,0x8,0xa
1582652216,63,38,0x8,0x8,0x8,0x8,0x8,0x8,0x8,0x8,0x8,0x8,0x4a
1582652221,67,62,0x8,0x8,0x8,0x8,0x8,0x8,0x8,0x8,0x8,0x8,0xb2
1582652226,72,2,0x8,0x8,0x8,0x8,0x8,0x8,0x8,0x8,0x8,0x8,0x80
1582652230,76,26,0x8,0x8,0x8,0x8,0x8,0x8,0x8,0x8,0x8,0x8,0xe8
1582652235,80,30,0x8,0x8,0x8,0x8,0x8,0x8,0x8,0x8,0x8,0x8,0x29
1582652240,84,54,0x8,0x8,0x8,0x8,0x8,0x8,0x8,0x8,0x8,0x8,0x91
1582652245,88,58,0x7,0x7,0x7,0x7,0x7,0x7,0x7,0x7,0x7,0x7,0xc0
1582652249,92,52,0x4,0x4,0x4,0x4,0x4,0x4,0x4,0x4,0x4,0x4,0xb9
1582652254,0,0,0x5,0x6,0x5,0x5,0x5,0x6,0x5,0x5,0x6,0x6,0xc0
1582652259,4,14,0xa,0xa,0xa,0xa,0xa,0xa,0xa,0xa,0xa,0xa,0xfe
1582652264,8,38,0xa,0xa,0xa,0xa,0xa,0xa,0xa,0xa,0xa,0xa,0x67
1582652269,12,42,0xa,0xa,0xa,0xa,0xa,0xa,0xa,0xa,0xa,0xa,0xa7
1582652273,17,2,0xa,0xa,0xa,0xa,0xa,0xa,0xa,0xa,0xa,0xa,0x9d
1582652278,21,6,0xa,0xa,0x9,0x9,0xa,0xa,0xa,0xa,0xa,0xa,0x55
1582652283,25,10,0xa,0xa,0xa,0xa,0xa,0xa,0xa,0xa,0xa,0xa,0x1e
1582652288,29,34,0xa,0xa,0xa,0xa,0xa,0xa,0xa,0xa,0xa,0xa,0x86
1582652293,33,38,0xa,0xa,0xa,0xa,0xa,0xa,0xa,0xa,0xa,0xa,0xc6
1582652297,37,62,0xa,0xa,0xa,0xa,0xa,0xa,0xa,0xa,0xa,0xa,0x2f
1582652302,42,2,0xa,0xa,0xa,0xa,0xa,0xa,0xa,0xa,0xa,0xa,0xfc
1582652307,46,26,0xa,0xa,0xa,0xa,0xa,0xa,0xa,0xa,0xa,0xa,0x65
1582652312,50,30,0xa,0xa,0xa,0xa,0xa,0xa,0xa,0xa,0xa,0xa,0xa5
1582652317,54,54,0xa,0xa,0xa,0xa,0xa,0xa,0xa,0xa,0xa,0xa,0xe
1582652321,58,58,0xa,0xa,0xa,0xa,0xa,0xa,0xa,0xa,0xa,0xa,0x4e
1582652326,62,52,0xa,0xa,0xa,0xa,0xa,0xa,0xa,0xa,0xa,0xa,0x7a
1582652331,67,22,0xa,0xa,0xa,0xa,0xa,0xa,0xa,0xa,0xa,0xa,0x84
1582652336,71,16,0xa,0xa,0xa,0xa,0xa,0xa,0xa,0xa,0xa,0xa,0xb0
1582652341,75,40,0xa,0xa,0xa,0xa,0xa,0xa,0xa,0xa,0xa,0xa,0x19
1582652345,79,44,0xa,0xa,0xa,0xa,0xa,0xa,0xa,0xa,0xa,0xa,0x59
1582652350,84,4,0x8,0x8,0x9,0x9,0x8,0x8,0x7,0x7,0x7,0x6,0xcc
1582652355,88,8,0x1,0x1,0x1,0x2,0x2,0x2,0x2,0x2,0x2,0x1,0x83
1582652360,92,32,0x0,0x0,0x0,0x0,0x0,0x0,0x0,0x0,0x0,0x0,0x4d
1582652365,95,60,0x0,0x0,0x0,0x0,0x0,0x0,0x0,0x0,0x0,0x0,0xaf
1582652369,3,38,0x9,0x9,0x9,0x9,0x9,0x9,0x9,0x9,0x9,0x9,0x10
1582652374,7,62,0x9,0x9,0x9,0x9,0x9,0x9,0x9,0x9,0x9,0x9,0x78
1582652379,12,2,0x9,0x9,0x9,0x9,0x9,0x9,0x9,0x9,0x9,0x9,0x46
1582652384,16,26,0x9,0x9,0x9,0x9,0x9,0x9,0x9,0x9,0x9,0x9,0xae
1582652388,20,30,0x9,0x9,0x9,0x9,0x9,0x9,0x9,0x9,0x9,0x9,0xee
1582652393,24,44,0x9,0x9,0x9,0x9,0x9,0x9,0x9,0x9,0x9,0x9,0x43
1582652398,28,58,0x9,0x9,0x9,0x9,0x9,0x9,0x9,0x9,0x9,0x9,0x97
1582652403,32,62,0x9,0x9,0x9,0x9,0x9,0x9,0x9,0x9,0x9,0x9,0xd7
1582652408,37,22,0x9,0x9,0x9,0x9,0x9,0x9,0x9,0x9,0x9,0x9,0xcd
1582652412,41,26,0x9,0x9,0x9,0x9,0x9,0x9,0x9,0x9,0x9,0x9,0xe
1582652417,45,50,0x9,0x9,0x9,0x9,0x9,0x9,0x9,0x9,0x9,0x9,0x76
1582652422,49,44,0x9,0x9,0x9,0x9,0x9,0x9,0x9,0x9,0x9,0x9,0xa2
1582652427,54,14,0x9,0x9,0x9,0x9,0x9,0x9,0x9,0x9,0x9,0x9,0xac
1582652432,58,8,0x9,0x9,0x9,0x9,0x9,0x9,0x9,0x9,0x9,0x9,0xd8
1582652436,62,22,0x9,0x9,0x9,0x9,0x9,0x9,0x9,0x9,0x9,0x9,0x2d
1582652441,66,36,0x9,0x9,0x9,0x9,0x9,0x9,0x9,0x9,0x9,0x9,0x81
1582652446,70,40,0x9,0x9,0x9,0x9,0x9,0x9,0x9,0x9,0x9,0x9,0xc1
1582652451,75,0,0x9,0x9,0x9,0x9,0x9,0x9,0x9,0x9,0x9,0x9,0xb7
1582652456,79,4,0x9,0x9,0x9,0x9,0x9,0x9,0x9,0x9,0x9,0x9,0xf7
1582652460,83,28,0x9,0x9,0x9,0x9,0x9,0x9,0x9,0x9,0x9,0x9,0x60
1582652465,87,32,0x3,0x3,0x3,0x3,0x3,0x3,0x3,0x3,0x3,0x3,0x3a
1582652470,91,56,0x1,0x1,0x1,0x1,0x1,0x1,0x1,0x1,0x1,0x1,0x80
1582652475,95,60,0x0,0x0,0x0,0x0,0x0,0x0,0x0,0x0,0x0,0x0,0xaf
1582652480,3,8,0x9,0x9,0x9,0x9,0x9,0x9,0x8,0x9,0x9,0x9,0xfe
1582652484,7,32,0x9,0x9,0x9,0x9,0x9,0x9,0x9,0x9,0x9,0x9,0x3c
1582652489,11,36,0x9,0x9,0x9,0x9,0x9,0x8,0x8,0x9,0x9,0x9,0x8a
1582652494,15,60,0x9,0x9,0x9,0x9,0x9,0x9,0x9,0x9,0x9,0x9,0xe4
1582652499,20,0,0x9,0x9,0x9,0x9,0x9,0x9,0x9,0x9,0x9,0x9,0xb2
1582652504,24,24,0x9,0x9,0x9,0x9,0x9,0x9,0x9,0x9,0x9,0x9,0x1b
1582652508,28,28,0x9,0x9,0x9,0x9,0x9,0x9,0x9,0x9,0x9,0x9,0x5b
1582652513,32,32,0x9,0x9,0x9,0x9,0x9,0x9,0x9,0x9,0x9,0x9,0x9b
1582652518,36,56,0x9,0x9,0x9,0x9,0x9,0x9,0x9,0x9,0x9,0x9,0x4
1582652523,40,60,0x9,0x9,0x9,0x9,0x9,0x9,0x9,0x9,0x9,0x9,0x44
1582652527,45,20,0x9,0x9,0x9,0x9,0x9,0x9,0x9,0x9,0x9,0x9,0x3a
1582652532,49,24,0x9,0x9,0x9,0x9,0x9,0x9,0x9,0x9,0x9,0x9,0x7a
1582652537,53,48,0x9,0x9,0x9,0x9,0x9,0x9,0x9,0x9,0x9,0x9,0xe2
1582652542,57,52,0x9,0x9,0x9,0x9,0x9,0x9,0x9,0x9,0x9,0x9,0x23
1582652547,62,12,0x9,0x9,0x9,0x9,0x9,0x9,0x9,0x9,0x9,0x9,0x19
1582652551,66,16,0x9,0x9,0x9,0x9,0x9,0x9,0x9,0x9,0x9,0x9,0x59
1582652556,70,20,0x9,0x9,0x9,0x9,0x9,0x9,0x9,0x9,0x9,0x9,0x99
1582652561,74,44,0x9,0x9,0x9,0x9,0x9,0x9,0x9,0x9,0x9,0x9,0x2
1582652566,78,38,0x9,0x9,0x9,0x9,0x9,0x9,0x9,0x9,0x9,0x9,0x2e
1582652571,83,8,0x9,0x9,0x9,0x9,0x9,0x9,0x9,0x9,0x9,0x9,0x38
1582652575,87,2,0x4,0x4,0x4,0x4,0x4,0x4,0x4,0x4,0x5,0x5,0xca
1582652580,91,26,0x1,0x1,0x1,0x1,0x1,0x1,0x1,0x1,0x1,0x1,0x44
1582652585,95,30,0x0,0x0,0x0,0x0,0x0,0x0,0x0,0x0,0x0,0x0,0x73
1582652590,2,42,0xa,0xa,0x9,0x7,0x6,0x6,0x6,0x7,0x7,0xa,0xf1
1582652595,7,2,0x8,0x8,0x8,0x8,0x8,0x9,0x9,0x9,0x9,0xa,0xf4
1582652599,10,60,0xa,0xa,0x9,0xa,0xc,0xa,0xb,0xb,0xb,0xb,0x74
1582652604,15,20,0xa,0xc,0xc,0xc,0xb,0xb,0xc,0x9,0x9,0x9,0x6b
1582652609,19,24,0xa,0x9,0x9,0x9,0xa,0x9,0x9,0x9,0xa,0xb,0x96
1582652614,20,40,0xb,0xb,0xa,0xa,0xa,0xb,0xb,0xc,0xc,0xb,0xc8
1582657950,0,30,0x5,0x7,0x8,0x8,0x8,0x7,0x7,0x8,0x9,0x8,0x75
1582657955,4,44,0xb,0xb,0xb,0xb,0xb,0xb,0xb,0xb,0xb,0xb,0x4c
1582657960,8,48,0xb,0xb,0xb,0xb,0xa,0xa,0xa,0xb,0xa,0xa,0xd
1582657965,13,8,0xa,0xa,0xa,0xa,0xa,0xa,0xa,0x9,0x9,0xa,0x73
1582657969,17,32,0xb,0xb,0xa,0xa,0xa,0xa,0xa,0xa,0xa,0xa,0x95
1582657974,21,26,0xa,0xa,0xa,0xa,0xa,0xa,0xa,0xa,0xa,0xa,0x6
1582657979,25,30,0x9,0xa,0xa,0xa,0xa,0xa,0xa,0xa,0xa,0xb,0x28
1582657984,29,54,0xb,0xb,0xa,0xa,0xb,0xb,0xb,0xb,0xb,0xb,0x37
1582657989,33,58,0xb,0xb,0xb,0xb,0xb,0xb,0xa,0x9,0x9,0x9,0x19
1582657993,38,8,0xa,0xa,0xa,0xb,0xb,0xa,0x9,0x9,0x9,0x9,0x90
1582657998,42,12,0xa,0xa,0xa,0xb,0xb,0xa,0xa,0xa,0xa,0xa,0xae
1582658003,46,16,0x9,0x9,0xa,0xa,0xa,0x9,0xa,0xa,0xb,0xa,0x29
1582658008,50,30,0xa,0xa,0xa,0xa,0xa,0xa,0xb,0xa,0xa,0xa,0x7a
1582658013,54,34,0xa,0xa,0xa,0xa,0xa,0xb,0xa,0xa,0xa,0xa,0x3
1582658017,58,58,0xb,0xa,0xa,0xb,0xa,0xa,0x9,0x9,0x9,0xa,0x70
1582658022,62,62,0xb,0xa,0xb,0xb,0xa,0x9,0x9,0xa,0x9,0x9,0x92
1582658027,67,32,0xa,0xa,0xa,0xa,0xa,0xa,0x9,0xa,0xa,0xa,0xc3
1582658032,71,36,0xa,0xa,0x9,0xb,0xa,0xa,0xa,0xa,0xa,0xa,0xe7
1582658037,75,30,0x8,0x9,0xa,0xa,0x8,0x8,0x9,0xa,0xa,0xa,0x6d
1582658041,80,0,0x7,0x7,0x8,0x8,0x7,0x8,0x9,0x8,0x8,0x8,0x34
1582658046,84,4,0x5,0x5,0x5,0x5,0x4,0x4,0x4,0x4,0x4,0x4,0x2d
1582658051,88,28,0x1,0x1,0x1,0x1,0x1,0x1,0x1,0x1,0x1,0x1,0x1e
1582658056,92,32,0x0,0x0,0x0,0x0,0x0,0x0,0x0,0x0,0x0,0x0,0x4d
1582658061,95,60,0x0,0x0,0x0,0x0,0x0,0x0,0x0,0x0,0x0,0x0,0xaf
1582658065,3,48,0x8,0x8,0x8,0x8,0x8,0x8,0x8,0x8,0x8,0x8,0x13
1582658070,7,52,0x8,0x8,0x8,0x8,0x8,0x8,0x8,0x8,0x8,0x8,0x53
1582658075,12,22,0x8,0x8,0x8,0x8,0x8,0x8,0x8,0x8,0x8,0x8,0x5d
1582658080,16,26,0x8,0x8,0x8,0x8,0x8,0x8,0x8,0x8,0x8,0x8,0x9d
1582658084,20,50,0x8,0x8,0x8,0x8,0x8,0x8,0x8,0x8,0x8,0x8,0x6
1582658089,24,54,0x8,0x8,0x8,0x8,0x8,0x8,0x8,0x8,0x8,0x8,0x46
1582658094,29,24,0x8,0x8,0x8,0x8,0x8,0x8,0x8,0x8,0x8,0x8,0x50
1582658099,33,28,0x8,0x8,0x8,0x8,0x8,0x8,0x8,0x8,0x8,0x8,0x90
1582658104,37,52,0x8,0x8,0x8,0x8,0x8,0x8,0x8,0x8,0x8,0x8,0xf8
1582658108,41,56,0x8,0x8,0x8,0x8,0x8,0x8,0x8,0x8,0x8,0x8,0x39
1582658113,45,60,0x8,0x8,0x8,0x8,0x8,0x8,0x8,0x8,0x8,0x8,0x79
1582658118,50,30,0x8,0x8,0x8,0x8,0x8,0x8,0x8,0x8,0x8,0x8,0x83
1582658123,54,24,0x8,0x8,0x8,0x8,0x8,0x8,0x8,0x8,0x8,0x8,0xaf
1582658128,58,58,0x8,0x8,0x8,0x8,0x8,0x8,0x8,0x8,0x8,0x8,0x2c
1582658132,62,62,0x8,0x8,0x8,0x8,0x8,0x8,0x8,0x8,0x8,0x8,0x6c
1582658137,67,22,0x8,0x8,0x8,0x8,0x8,0x8,0x8,0x8,0x8,0x8,0x62
1582658142,71,26,0x8,0x8,0x8,0x8,0x8,0x8,0x8,0x8,0x8,0x8,0xa2
1582658147,75,50,0x8,0x8,0x8,0x8,0x8,0x8,0x8,0x8,0x8,0x8,0xb
1582658152,79,54,0x8,0x8,0x8,0x8,0x8,0x8,0x8,0x8,0x8,0x8,0x4b
1582658156,84,4,0x8,0x8,0x8,0x8,0x8,0x8,0x8,0x8,0x8,0x8,0x2d
1582658161,88,28,0x4,0x4,0x4,0x4,0x4,0x4,0x4,0x4,0x4,0x4,0x51
1582658166,92,32,0x1,0x1,0x1,0x1,0x1,0x1,0x1,0x1,0x1,0x1,0x5e
1582658171,95,60,0x1,0x1,0x1,0x1,0x0,0x0,0x0,0x0,0x0,0x0,0xf3
1582658176,3,58,0x8,0x8,0x8,0x8,0x8,0x8,0x8,0x8,0x8,0x8,0x27
1582658180,8,18,0x8,0x8,0x8,0x8,0x8,0x8,0x8,0x8,0x8,0x8,0x1d
1582658185,12,22,0x8,0x8,0x8,0x8,0x8,0x8,0x8,0x8,0x8,0x8,0x5d
1582658190,16,26,0x8,0x8,0x8,0x8,0x8,0x8,0x8,0x8,0x8,0x8,0x9d
1582658195,20,50,0x8,0x8,0x8,0x8,0x8,0x8,0x8,0x8,0x8,0x8,0x6
1582658200,24,54,0x8,0x8,0x8,0x8,0x8,0x8,0x8,0x8,0x8,0x8,0x46
1582658204,29,14,0x8,0x8,0x8,0x8,0x8,0x8,0x8,0x8,0x8,0x8,0x3c
1582658209,33,18,0x8,0x8,0x8,0x8,0x8,0x8,0x8,0x8,0x8,0x8,0x7c
1582658214,37,42,0x8,0x8,0x8,0x8,0x8,0x8,0x8,0x8,0x8,0x8,0xe4
1582658219,41,46,0x8,0x8,0x8,0x8,0x8,0x8,0x8,0x8,0x8,0x8,0x25
1582658223,46,16,0x8,0x8,0x8,0x8,0x8,0x8,0x8,0x8,0x8,0x8,0x2f
1582658228,50,20,0x8,0x8,0x8,0x8,0x8,0x8,0x8,0x8,0x8,0x8,0x6f
1582658233,54,24,0x8,0x8,0x8,0x8,0x8,0x8,0x8,0x8,0x8,0x8,0xaf
1582658238,58,48,0x8,0x8,0x8,0x8,0x8,0x8,0x8,0x8,0x8,0x8,0x18
1582658243,62,52,0x8,0x8,0x8,0x8,0x8,0x8,0x8,0x8,0x8,0x8,0x58
1582658247,67,12,0x8,0x8,0x8,0x8,0x8,0x8,0x8,0x8,0x8,0x8,0x4e
1582658252,71,16,0x8,0x8,0x8,0x8,0x8,0x8,0x8,0x8,0x8,0x8,0x8e
1582658257,75,40,0x8,0x8,0x8,0x8,0x8,0x8,0x8,0x8,0x8,0x8,0xf6
1582658262,79,44,0x8,0x8,0x8,0x8,0x8,0x8,0x8,0x8,0x8,0x8,0x37
1582658267,84,14,0x8,0x8,0x8,0x8,0x8,0x8,0x8,0x8,0x8,0x8,0x41
1582658271,88,18,0x5,0x5,0x4,0x4,0x4,0x4,0x4,0x4,0x4,0x4,0xf8
1582658540,32,62,0xc,0xc,0x0,0x0,0x0,0x0,0x1,0x1,0x1,0x1,0xe8
1582658545,37,2,0x0,0x0,0x0,0x1,0x1,0x1,0x1,0x1,0x1,0x1,0xa4
1582658549,41,26,0xc,0xc,0xc,0xc,0xc,0xc,0xc,0xc,0xc,0xc,0x41
1582658564,54,4,0x0,0x0,0x0,0x0,0x0,0x1,0x1,0x1,0x1,0x1,0xf9
1582658569,58,8,0x0,0x0,0x0,0x1,0x1,0x1,0x1,0x1,0x1,0x2,0xe2
1582658573,62,32,0xc,0xc,0xc,0xc,0xc,0xc,0xc,0xc,0xc,0xc,0x74
1582742207,0,30,0x9,0x9,0x9,0x9,0x9,0x8,0x9,0x9,0x9,0x9,0xb8
1582742211,4,34,0xc,0xc,0xc,0xc,0xc,0xc,0xc,0xc,0xc,0xc,0x49
1582742216,8,38,0xc,0xc,0xc,0xc,0xc,0xc,0xc,0xc,0xc,0xc,0x89
1582742221,13,8,0xc,0xc,0xc,0xc,0xc,0xc,0xc,0xc,0xc,0xc,0x93
1582742226,17,22,0xc,0xc,0xc,0xc,0xc,0xc,0xc,0xc,0xc,0xc,0xe7
1582742231,21,26,0xc,0xc,0xc,0xc,0xc,0xc,0xc,0xc,0xc,0xc,0x28
1582742235,25,30,0xc,0xc,0xc,0xc,0xc,0xc,0xc,0xc,0xc,0xc,0x68
1582742240,29,54,0xc,0xc,0xc,0xc,0xc,0xc,0xc,0xc,0xc,0xc,0xd0
1582742245,33,58,0xc,0xc,0xc,0xc,0xc,0xc,0xc,0xc,0xc,0xc,0x11
1582742250,38,8,0xc,0xc,0xc,0xc,0xc,0xc,0xc,0xc,0xc,0xc,0xf2
1582742255,42,12,0x3,0x5,0x8,0xb,0xc,0xc,0xc,0xc,0xc,0xc,0x0
1582742259,46,16,0x1,0x2,0x2,0x2,0x2,0x2,0x2,0x3,0x4,0x7,0x85
1582742264,50,40,0xa,0xc,0xc,0xc,0xc,0xc,0xc,0xc,0xc,0xc,0x89
1582742269,54,44,0x2,0x2,0x2,0x2,0x2,0x2,0x2,0x3,0x3,0x4,0x85
1582742274,59,14,0x0,0x0,0x0,0x0,0x0,0x0,0x0,0x0,0x0,0x0,0x59
1582742279,63,18,0x0,0x0,0x0,0x0,0x0,0x0,0x0,0x0,0x0,0x0,0x99
1582742283,67,22,0x0,0x0,0x0,0x0,0x0,0x0,0x0,0x0,0x0,0x0,0xd9
1582742288,71,46,0x0,0x0,0x0,0x0,0x0,0x0,0x0,0x0,0x0,0x0,0x42
1582742293,75,50,0x0,0x0,0x0,0x0,0x0,0x0,0x0,0x0,0x0,0x0,0x82
1582742298,80,10,0x1,0x1,0x1,0x1,0x1,0x1,0x1,0x1,0x2,0x2,0x45
1582742302,84,14,0x2,0x2,0x2,0x2,0x2,0x2,0x2,0x2,0x2,0x2,0xda
1582742307,88,38,0x2,0x2,0x2,0x2,0x2,0x2,0x2,0x2,0x2,0x2,0x43
1582742312,92,42,0x0,0x0,0x0,0x0,0x0,0x0,0x0,0x0,0x0,0x0,0x61
1582742317,95,60,0x0,0x0,0x0,0x0,0x0,0x0,0x0,0x0,0x0,0x0,0xaf
1582742322,3,58,0xe,0xe,0xe,0xe,0xe,0xe,0xe,0xe,0xe,0xe,0x8d
1582742326,7,62,0xe,0xe,0xe,0xe,0xe,0xe,0xe,0xe,0xe,0xe,0xcd
1582742331,12,32,0xe,0xe,0xe,0xe,0xe,0xe,0xe,0xe,0xe,0xe,0xd7
1582742336,16,36,0xe,0xe,0xe,0xe,0xe,0xe,0xe,0xe,0xe,0xe,0x18
1582742341,20,60,0x4,0x4,0x4,0x4,0xc,0xc,0xc,0xc,0xc,0xc,0x3c
1582742346,25,0,0x5,0x5,0x5,0x5,0x5,0x5,0x5,0x5,0x5,0x5,0xb4
1582742350,29,14,0x4,0x4,0x4,0x4,0x4,0x4,0x4,0x4,0x4,0x4,0xf7
1582742355,33,38,0x3,0x3,0x3,0x2,0x2,0x2,0x2,0x2,0x2,0x2,0xb6
1582742360,37,42,0x2,0x2,0x2,0x2,0x2,0x2,0x2,0x2,0x2,0x2,0x7e
1582742365,42,2,0x2,0x2,0x2,0x2,0x2,0x2,0x2,0x2,0x2,0x2,0x74
1582742370,46,6,0x1,0x1,0x1,0x1,0x1,0x1,0x1,0x1,0x1,0x1,0xa3
1582742374,50,30,0x1,0x1,0x1,0x1,0x1,0x1,0x1,0x1,0x1,0x1,0xc
1582742379,54,34,0x1,0x1,0x1,0x1,0x1,0x1,0x1,0x1,0x1,0x1,0x4c
1582742384,58,38,0x1,0x1,0x1,0x1,0x1,0x1,0x1,0x1,0x0,0x0,0xd0
1582742389,63,8,0x0,0x0,0x0,0x0,0x0,0x0,0x0,0x0,0x0,0x0,0x85
1582742394,67,12,0x0,0x0,0x0,0x0,0x0,0x0,0x0,0x0,0x0,0x0,0xc5
1582742398,71,36,0x0,0x0,0x0,0x0,0x0,0x0,0x0,0x0,0x0,0x0,0x2e
1582742403,75,40,0x1,0x0,0x0,0x0,0x0,0x0,0x0,0x0,0x0,0x0,0x97
1582742408,80,0,0x6,0x6,0x6,0x6,0x6,0x6,0x6,0x6,0x6,0x6,0xca
1582742413,84,4,0x8,0x8,0x8,0x8,0x8,0x8,0x8,0x8,0x8,0x8,0x2d
1582742418,88,8,0x8,0x8,0x8,0x8,0x8,0x8,0x8,0x8,0x8,0x8,0x6d
1582742422,92,22,0x2,0x2,0x2,0x2,0x2,0x2,0x2,0x1,0x1,0x1,0x52
1582742427,95,60,0x1,0x1,0x1,0x1,0x0,0x0,0x0,0x0,0x0,0x0,0xf3
1582742432,3,48,0x9,0x9,0x9,0x9,0x9,0x9,0x9,0x9,0x9,0x9,0x24
1582742437,7,52,0x9,0x9,0x9,0x9,0x9,0x9,0x9,0x9,0x9,0x9,0x64
1582742441,12,12,0x9,0x9,0x9,0x9,0x9,0x9,0x9,0x9,0x9,0x9,0x5a
1582742446,16,26,0x9,0x9,0x9,0x9,0x9,0x9,0x9,0x9,0x9,0x9,0xae
1582742451,20,30,0x9,0x9,0x9,0x9,0x9,0x9,0x9,0x9,0x9,0x9,0xee
1582742456,24,54,0x9,0x9,0x9,0x9,0x9,0x9,0x9,0x9,0x9,0x9,0x57
1582742461,28,58,0x9,0x9,0x9,0x9,0x9,0x9,0x9,0x9,0x9,0x9,0x97
1582742465,33,18,0x9,0x9,0x9,0x9,0x9,0x9,0x9,0x9,0x9,0x9,0x8d
1582742470,37,22,0x9,0x9,0x9,0x9,0x9,0x9,0x9,0x9,0x9,0x9,0xcd
1582742475,41,46,0x9,0x9,0x9,0x9,0x9,0x9,0x9,0x9,0x9,0x9,0x36
1582742480,45,50,0x9,0x9,0x9,0x9,0x9,0x9,0x9,0x9,0x9,0x9,0x76
1582742485,50,0,0x9,0x9,0x9,0x9,0x9,0x9,0x9,0x9,0x9,0x9,0x58
1582742489,54,4,0x6,0x7,0x8,0x9,0x9,0x9,0x9,0x9,0x9,0x9,0x3b
1582742494,58,8,0x4,0x4,0x5,0x5,0x5,0x5,0x5,0x6,0x6,0x7,0xec
1582742499,62,22,0x5,0x5,0x5,0x5,0x5,0x5,0x5,0x6,0x6,0x6,0xf1
1582742504,66,26,0x4,0x4,0x4,0x4,0x4,0x4,0x4,0x4,0x4,0x4,0x18
1582742509,70,50,0x4,0x4,0x4,0x4,0x4,0x4,0x4,0x4,0x4,0x4,0x80
1582742513,74,54,0x3,0x3,0x3,0x3,0x3,0x3,0x3,0x3,0x3,0x3,0xaf
1582742518,79,14,0x4,0x4,0x4,0x4,0x4,0x5,0x5,0x5,0x5,0x5,0xb1
1582742523,83,18,0x5,0x5,0x5,0x5,0x5,0x5,0x6,0x6,0x6,0x6,0xe5
1582742528,87,32,0x6,0x6,0x6,0x6,0x6,0x6,0x6,0x6,0x6,0x6,0x6d
1582742533,91,56,0x3,0x3,0x3,0x3,0x3,0x3,0x3,0x3,0x2,0x2,0xe6
1582742537,95,60,0x2,0x2,0x2,0x2,0x0,0x0,0x0,0x0,0x0,0x0,0x38
1582742542,3,8,0x5,0x6,0x6,0x6,0x6,0x6,0x6,0x6,0x6,0x6,0x77
1582742547,7,12,0x8,0x8,0x8,0x8,0x8,0x8,0x8,0x8,0x9,0x9,0xbe
1582742552,11,26,0xa,0xa,0xa,0xa,0xa,0xa,0xa,0xa,0xa,0xa,0x79
1582742557,15,40,0xa,0xa,0xa,0x9,0x9,0x8,0x9,0xa,0x9,0x9,0x65
1582742561,19,44,0xa,0x9,0x8,0x8,0x8,0x9,0x8,0x9,0x9,0xa,0x2
1582742566,23,58,0xa,0x9,0x9,0x9,0x9,0x9,0x8,0x8,0x8,0x9,0xa7
1582742571,27,62,0x9,0x9,0x9,0x9,0x9,0xa,0x9,0x8,0x8,0x8,0xa5
1582742576,32,22,0xa,0xa,0xa,0xa,0xa,0xa,0xa,0xa,0xa,0xa,0x98
1582742580,36,26,0xa,0xa,0xa,0xa,0xa,0xa,0xa,0xa,0xa,0xa,0xd8
1582742585,40,50,0xa,0xa,0xa,0xa,0xa,0xa,0xa,0xa,0xa,0xa,0x41
1582742590,44,54,0xa,0xa,0xa,0xa,0xa,0xa,0xa,0xa,0xa,0xa,0x81
1582742595,49,4,0xa,0xa,0xa,0xa,0xa,0xa,0xa,0xa,0xa,0xa,0x63
1582742600,53,8,0xa,0xa,0xa,0xa,0xa,0xa,0xa,0xa,0xa,0xa,0xa3
1582742604,57,12,0xa,0xa,0xa,0xa,0xa,0xa,0xa,0xa,0xa,0xa,0xe3
1582742609,61,36,0xa,0xa,0xa,0xa,0xa,0xa,0xa,0xa,0xa,0xa,0x4c
1582742614,65,40,0xa,0xa,0xa,0xa,0xa,0xa,0xa,0xa,0xa,0xa,0x8c
1582742619,70,0,0xa,0xa,0xa,0xa,0xa,0xa,0xa,0xa,0xa,0xa,0x82
1582742624,74,4,0xa,0xa,0xa,0xa,0xa,0xa,0xa,0xa,0xa,0xa,0xc2
1582742628,78,38,0xa,0xa,0xa,0xa,0xa,0xa,0xa,0xa,0xa,0xa,0x3f
1582742633,82,42,0xa,0xa,0xa,0xa,0xa,0xa,0xa,0xa,0xa,0xa,0x7f
1582742638,86,56,0x4,0x4,0x4,0x4,0x4,0x5,0x5,0x4,0x5,0x5,0x1b
1582742643,91,6,0x0,0x0,0x0,0x0,0x0,0x0,0x0,0x0,0x0,0x0,0xb
1582742648,95,10,0x0,0x0,0x0,0x0,0x0,0x0,0x0,0x0,0x0,0x0,0x4b
1582742652,2,12,0x5,0x5,0x5,0x5,0x5,0x6,0x6,0x6,0x6,0x6,0x84
1582742657,6,16,0x9,0x9,0x9,0x9,0x9,0x9,0x9,0x9,0x9,0x9,0xe
1582742662,10,40,0xa,0xa,0xa,0xa,0xa,0xa,0xa,0xa,0xa,0xa,0x87
1582742667,14,54,0xa,0xa,0xa,0xa,0xa,0xa,0xa,0xa,0xa,0xa,0xdb
1582742672,18,58,0xa,0xa,0xa,0xa,0xa,0xa,0xa,0xa,0xa,0xa,0x1c
1582742676,23,18,0xa,0xa,0xa,0xa,0xa,0xa,0xa,0xa,0xa,0xa,0x12
1582742825,56,36,0x3,0x3,0x3,0x3,0x3,0x3,0x3,0x3,0x3,0x3,0x8e
